u64,build,1000000,udm,21.7691,1.0000
u64,build,1000000,udm-segmented,12.6228,0.5798
u64,build,1000000,udm-big,28.8957,1.3274
u64,build,1000000,udm-seg-big,16.8723,0.7751
u64,build,1000000,udm-pmr,22.5217,1.0346
u64,build,1000000,udm-seg-pmr,12.5694,0.5774
u64,build,1000000,udm-pmr-big,29.4602,1.3533
u64,build,1000000,udm-seg-pmr-big,16.7703,0.7704
u64,build,1000000,udm-huge,13.4138,0.6162
u64,build,1000000,udm-seg-huge,11.5159,0.5290
u64,build,1000000,udm-huge-big,15.2494,0.7005
u64,build,1000000,udm-seg-huge-big,13.0936,0.6015
u64,build,1000000,udm-4.11,37.6752,1.7307
u64,build,1000000,boost,22.3029,1.0245
u64,build,1000000,absl,19.4857,0.8951
u64,build,1000000,f14-value,28.0973,1.2907
u64,build,1000000,f14-vector,35.0551,1.6103
u64,build,1000000,emhash8,32.2274,1.4804
u64,build,1000000,emilib,21.1779,0.9728
u64,build,1000000,indivi-u,27.2440,1.2515
u64,build,1000000,indivi-w,34.3332,1.5772
u64,build,1000000,std,79.7820,3.6649
u64,build,1000000,boost-node,37.0011,1.6997
u64,build,1000000,absl-node,34.5273,1.5861
u64,build,1000000,f14-node,40.4511,1.8582
u64,buildfree,1000000,udm,23.2355,1.0000
u64,buildfree,1000000,udm-segmented,12.6618,0.5449
u64,buildfree,1000000,udm-big,31.0979,1.3384
u64,buildfree,1000000,udm-seg-big,17.3053,0.7448
u64,buildfree,1000000,udm-pmr,24.0337,1.0344
u64,buildfree,1000000,udm-seg-pmr,12.6612,0.5449
u64,buildfree,1000000,udm-pmr-big,31.6214,1.3609
u64,buildfree,1000000,udm-seg-pmr-big,17.0743,0.7348
u64,buildfree,1000000,udm-huge,13.4770,0.5800
u64,buildfree,1000000,udm-seg-huge,11.7234,0.5045
u64,buildfree,1000000,udm-huge-big,15.3458,0.6604
u64,buildfree,1000000,udm-seg-huge-big,13.2962,0.5722
u64,buildfree,1000000,udm-4.11,38.3028,1.6485
u64,buildfree,1000000,boost,22.9208,0.9865
u64,buildfree,1000000,absl,19.0232,0.8187
u64,buildfree,1000000,f14-value,28.9242,1.2448
u64,buildfree,1000000,f14-vector,36.0936,1.5534
u64,buildfree,1000000,emhash8,32.8672,1.4145
u64,buildfree,1000000,emilib,21.5903,0.9292
u64,buildfree,1000000,indivi-u,28.6942,1.2349
u64,buildfree,1000000,indivi-w,35.7825,1.5400
u64,buildfree,1000000,std,117.7469,5.0675
u64,buildfree,1000000,boost-node,92.2249,3.9691
u64,buildfree,1000000,absl-node,87.9901,3.7869
u64,buildfree,1000000,f14-node,91.9987,3.9594
u64,find,1000000,udm,29.7014,1.0000
u64,find,1000000,udm-segmented,31.0352,1.0449
u64,find,1000000,udm-big,35.0374,1.1797
u64,find,1000000,udm-seg-big,35.7681,1.2043
u64,find,1000000,udm-pmr,29.7678,1.0022
u64,find,1000000,udm-seg-pmr,31.2114,1.0508
u64,find,1000000,udm-pmr-big,34.7943,1.1715
u64,find,1000000,udm-seg-pmr-big,35.8718,1.2077
u64,find,1000000,udm-huge,27.1604,0.9144
u64,find,1000000,udm-seg-huge,28.2883,0.9524
u64,find,1000000,udm-huge-big,31.9495,1.0757
u64,find,1000000,udm-seg-huge-big,32.5361,1.0954
u64,find,1000000,udm-4.11,38.5693,1.2986
u64,find,1000000,boost,21.7519,0.7324
u64,find,1000000,absl,22.2373,0.7487
u64,find,1000000,f14-value,34.1206,1.1488
u64,find,1000000,f14-vector,33.0092,1.1114
u64,find,1000000,emhash8,29.0579,0.9783
u64,find,1000000,emilib,24.6653,0.8304
u64,find,1000000,indivi-u,24.1569,0.8133
u64,find,1000000,indivi-w,21.1295,0.7114
u64,find,1000000,std,58.7075,1.9766
u64,find,1000000,boost-node,31.7379,1.0686
u64,find,1000000,absl-node,39.1867,1.3194
u64,find,1000000,f14-node,35.4883,1.1948
u64,churn,1000000,udm,88.3314,1.0000
u64,churn,1000000,udm-segmented,98.2217,1.1120
u64,churn,1000000,udm-big,102.7762,1.1635
u64,churn,1000000,udm-seg-big,129.2947,1.4637
u64,churn,1000000,udm-pmr,89.4309,1.0124
u64,churn,1000000,udm-seg-pmr,97.8296,1.1075
u64,churn,1000000,udm-pmr-big,102.4922,1.1603
u64,churn,1000000,udm-seg-pmr-big,128.7671,1.4578
u64,churn,1000000,udm-huge,70.7112,0.8005
u64,churn,1000000,udm-seg-huge,78.0412,0.8835
u64,churn,1000000,udm-huge-big,87.2819,0.9881
u64,churn,1000000,udm-seg-huge-big,105.0498,1.1893
u64,churn,1000000,udm-4.11,131.6195,1.4901
u64,churn,1000000,boost,52.3417,0.5926
u64,churn,1000000,absl,76.0350,0.8608
u64,churn,1000000,f14-value,92.2275,1.0441
u64,churn,1000000,f14-vector,100.4216,1.1369
u64,churn,1000000,emhash8,93.4539,1.0580
u64,churn,1000000,emilib,63.9703,0.7242
u64,churn,1000000,indivi-u,57.1869,0.6474
u64,churn,1000000,indivi-w,61.0620,0.6913
u64,churn,1000000,std,239.3927,2.7102
u64,churn,1000000,boost-node,117.5066,1.3303
u64,churn,1000000,absl-node,178.3839,2.0195
u64,churn,1000000,f14-node,179.1816,2.0285
u64,iterate,1000000,udm,0.1968,1.0000
u64,iterate,1000000,udm-segmented,0.2979,1.5137
u64,iterate,1000000,udm-big,0.1981,1.0066
u64,iterate,1000000,udm-seg-big,0.3135,1.5930
u64,iterate,1000000,udm-pmr,0.1943,0.9873
u64,iterate,1000000,udm-seg-pmr,0.2978,1.5132
u64,iterate,1000000,udm-pmr-big,0.1999,1.0158
u64,iterate,1000000,udm-seg-pmr-big,0.3115,1.5828
u64,iterate,1000000,udm-huge,0.1649,0.8379
u64,iterate,1000000,udm-seg-huge,0.2650,1.3465
u64,iterate,1000000,udm-huge-big,0.1791,0.9101
u64,iterate,1000000,udm-seg-huge-big,0.2876,1.4614
u64,iterate,1000000,udm-4.11,0.1965,0.9985
u64,iterate,1000000,boost,1.7697,8.9924
u64,iterate,1000000,absl,2.5287,12.8491
u64,iterate,1000000,f14-value,1.2885,6.5473
u64,iterate,1000000,f14-vector,0.2164,1.0996
u64,iterate,1000000,emhash8,0.1731,0.8796
u64,iterate,1000000,emilib,1.0688,5.4309
u64,iterate,1000000,indivi-u,1.0900,5.5386
u64,iterate,1000000,indivi-w,1.4592,7.4146
u64,iterate,1000000,std,21.9720,111.6463
u64,iterate,1000000,boost-node,9.0051,45.7576
u64,iterate,1000000,absl-node,4.7558,24.1657
u64,iterate,1000000,f14-node,6.7955,34.5300
u64,memory,1000000,udm,42.4286,1.0000
u64,memory,1000000,udm-segmented,28.0094,0.6602
u64,memory,1000000,udm-big,51.9258,1.2238
u64,memory,1000000,udm-seg-big,37.9380,0.8942
u64,memory,1000000,udm-pmr,42.4286,1.0000
u64,memory,1000000,udm-seg-pmr,28.0094,0.6602
u64,memory,1000000,udm-pmr-big,51.9258,1.2238
u64,memory,1000000,udm-seg-pmr-big,37.9380,0.8942
u64,memory,1000000,udm-huge,45.0179,1.0610
u64,memory,1000000,udm-seg-huge,37.6362,0.8870
u64,memory,1000000,udm-huge-big,54.4820,1.2841
u64,memory,1000000,udm-seg-huge-big,46.6262,1.0989
u64,memory,1000000,udm-4.11,48.4090,1.1410
u64,memory,1000000,boost,43.8166,1.0327
u64,memory,1000000,absl,40.5283,0.9552
u64,memory,1000000,f14-value,43.9308,1.0354
u64,memory,1000000,f14-vector,50.7395,1.1959
u64,memory,1000000,emhash8,45.2769,1.0671
u64,memory,1000000,emilib,40.5284,0.9552
u64,memory,1000000,indivi-u,42.9124,1.0114
u64,memory,1000000,indivi-w,46.5552,1.0973
u64,memory,1000000,std,45.1537,1.0642
u64,memory,1000000,boost-node,50.2407,1.1841
u64,memory,1000000,absl-node,48.0196,1.1318
u64,memory,1000000,f14-node,48.2882,1.1381
u64,rss,1000000,udm,48.5628,1.0000
u64,rss,1000000,udm-segmented,28.2157,0.5810
u64,rss,1000000,udm-big,58.8136,1.2111
u64,rss,1000000,udm-seg-big,38.1154,0.7849
u64,rss,1000000,udm-pmr,48.6024,1.0008
u64,rss,1000000,udm-seg-pmr,28.3207,0.5832
u64,rss,1000000,udm-pmr-big,58.8380,1.2116
u64,rss,1000000,udm-seg-pmr-big,38.2487,0.7876
u64,rss,1000000,udm-huge,37.9535,0.7815
u64,rss,1000000,udm-seg-huge,32.1184,0.6614
u64,rss,1000000,udm-huge-big,48.0418,0.9893
u64,rss,1000000,udm-seg-huge-big,41.8211,0.8612
u64,rss,1000000,udm-4.11,55.6815,1.1466
u64,rss,1000000,boost,58.5265,1.2052
u64,rss,1000000,absl,53.9576,1.1111
u64,rss,1000000,f14-value,58.4031,1.2026
u64,rss,1000000,f14-vector,59.7252,1.2299
u64,rss,1000000,emhash8,47.1181,0.9703
u64,rss,1000000,emilib,50.7094,1.0442
u64,rss,1000000,indivi-u,57.3492,1.1809
u64,rss,1000000,indivi-w,62.2089,1.2810
u64,rss,1000000,std,45.6285,0.9396
u64,rss,1000000,boost-node,50.5291,1.0405
u64,rss,1000000,absl-node,48.2490,0.9935
u64,rss,1000000,f14-node,48.4666,0.9980
str,build,1000000,udm,78.0575,1.0000
str,build,1000000,udm-segmented,47.0011,0.6021
str,build,1000000,udm-big,82.2248,1.0534
str,build,1000000,udm-seg-big,50.4803,0.6467
str,build,1000000,udm-pmr,79.6476,1.0204
str,build,1000000,udm-seg-pmr,46.7127,0.5984
str,build,1000000,udm-pmr-big,82.6550,1.0589
str,build,1000000,udm-seg-pmr-big,50.6866,0.6493
str,build,1000000,udm-huge,55.0219,0.7049
str,build,1000000,udm-seg-huge,37.2781,0.4776
str,build,1000000,udm-huge-big,60.5681,0.7759
str,build,1000000,udm-seg-huge-big,39.7349,0.5090
str,build,1000000,udm-4.11,106.3303,1.3622
str,build,1000000,boost,150.7021,1.9307
str,build,1000000,absl,131.5853,1.6857
str,build,1000000,f14-value,164.2815,2.1046
str,build,1000000,f14-vector,140.5405,1.8005
str,build,1000000,emhash8,207.4692,2.6579
str,build,1000000,emilib,171.2676,2.1941
str,build,1000000,indivi-u,134.2517,1.7199
str,build,1000000,indivi-w,158.9345,2.0361
str,build,1000000,std,239.4670,3.0678
str,build,1000000,boost-node,159.9345,2.0489
str,build,1000000,absl-node,105.8475,1.3560
str,build,1000000,f14-node,102.3413,1.3111
str,buildfree,1000000,udm,92.7245,1.0000
str,buildfree,1000000,udm-segmented,60.9164,0.6570
str,buildfree,1000000,udm-big,96.4662,1.0404
str,buildfree,1000000,udm-seg-big,64.6290,0.6970
str,buildfree,1000000,udm-pmr,94.6108,1.0203
str,buildfree,1000000,udm-seg-pmr,61.0984,0.6589
str,buildfree,1000000,udm-pmr-big,97.1924,1.0482
str,buildfree,1000000,udm-seg-pmr-big,64.7010,0.6978
str,buildfree,1000000,udm-huge,65.0809,0.7019
str,buildfree,1000000,udm-seg-huge,46.4164,0.5006
str,buildfree,1000000,udm-huge-big,71.1330,0.7671
str,buildfree,1000000,udm-seg-huge-big,49.0785,0.5293
str,buildfree,1000000,udm-4.11,118.9669,1.2830
str,buildfree,1000000,boost,219.2137,2.3641
str,buildfree,1000000,absl,195.8529,2.1122
str,buildfree,1000000,f14-value,231.0955,2.4923
str,buildfree,1000000,f14-vector,156.4508,1.6873
str,buildfree,1000000,emhash8,220.7046,2.3802
str,buildfree,1000000,emilib,240.9421,2.5985
str,buildfree,1000000,indivi-u,199.9053,2.1559
str,buildfree,1000000,indivi-w,229.4957,2.4750
str,buildfree,1000000,std,341.1029,3.6787
str,buildfree,1000000,boost-node,288.3702,3.1100
str,buildfree,1000000,absl-node,232.7850,2.5105
str,buildfree,1000000,f14-node,213.2775,2.3001
str,find,1000000,udm,126.0030,1.0000
str,find,1000000,udm-segmented,126.5858,1.0046
str,find,1000000,udm-big,129.3221,1.0263
str,find,1000000,udm-seg-big,131.2456,1.0416
str,find,1000000,udm-pmr,125.3187,0.9946
str,find,1000000,udm-seg-pmr,126.0689,1.0005
str,find,1000000,udm-pmr-big,129.4512,1.0274
str,find,1000000,udm-seg-pmr-big,130.8691,1.0386
str,find,1000000,udm-huge,121.6240,0.9652
str,find,1000000,udm-seg-huge,121.6497,0.9655
str,find,1000000,udm-huge-big,124.1984,0.9857
str,find,1000000,udm-seg-huge-big,124.3891,0.9872
str,find,1000000,udm-4.11,140.8755,1.1180
str,find,1000000,boost,142.8945,1.1341
str,find,1000000,absl,123.6902,0.9816
str,find,1000000,f14-value,129.1843,1.0252
str,find,1000000,f14-vector,127.6188,1.0128
str,find,1000000,emhash8,173.3245,1.3756
str,find,1000000,emilib,166.8345,1.3241
str,find,1000000,indivi-u,121.3402,0.9630
str,find,1000000,indivi-w,113.7660,0.9029
str,find,1000000,std,223.3705,1.7727
str,find,1000000,boost-node,146.7578,1.1647
str,find,1000000,absl-node,125.4825,0.9959
str,find,1000000,f14-node,120.7481,0.9583
str,churn,1000000,udm,418.9625,1.0000
str,churn,1000000,udm-segmented,432.1627,1.0315
str,churn,1000000,udm-big,439.6188,1.0493
str,churn,1000000,udm-seg-big,453.1682,1.0816
str,churn,1000000,udm-pmr,419.6386,1.0016
str,churn,1000000,udm-seg-pmr,432.7295,1.0329
str,churn,1000000,udm-pmr-big,439.6336,1.0493
str,churn,1000000,udm-seg-pmr-big,452.6795,1.0805
str,churn,1000000,udm-huge,400.4128,0.9557
str,churn,1000000,udm-seg-huge,403.1478,0.9623
str,churn,1000000,udm-huge-big,417.9833,0.9977
str,churn,1000000,udm-seg-huge-big,420.6135,1.0039
str,churn,1000000,udm-4.11,459.2976,1.0963
str,churn,1000000,boost,381.0733,0.9096
str,churn,1000000,absl,388.2112,0.9266
str,churn,1000000,f14-value,405.3448,0.9675
str,churn,1000000,f14-vector,423.5996,1.0111
str,churn,1000000,emhash8,604.2008,1.4421
str,churn,1000000,emilib,395.4684,0.9439
str,churn,1000000,indivi-u,378.4110,0.9032
str,churn,1000000,indivi-w,371.8395,0.8875
str,churn,1000000,std,659.1352,1.5733
str,churn,1000000,boost-node,464.2594,1.1081
str,churn,1000000,absl-node,462.7972,1.1046
str,churn,1000000,f14-node,435.3122,1.0390
str,iterate,1000000,udm,0.6698,1.0000
str,iterate,1000000,udm-segmented,2.2634,3.3792
str,iterate,1000000,udm-big,0.6890,1.0287
str,iterate,1000000,udm-seg-big,2.2770,3.3995
str,iterate,1000000,udm-pmr,0.6866,1.0251
str,iterate,1000000,udm-seg-pmr,2.2685,3.3868
str,iterate,1000000,udm-pmr-big,0.6817,1.0178
str,iterate,1000000,udm-seg-pmr-big,2.3237,3.4692
str,iterate,1000000,udm-huge,0.6503,0.9709
str,iterate,1000000,udm-seg-huge,0.6711,1.0019
str,iterate,1000000,udm-huge-big,0.6522,0.9737
str,iterate,1000000,udm-seg-huge-big,0.6805,1.0160
str,iterate,1000000,udm-4.11,0.6818,1.0179
str,iterate,1000000,boost,2.0432,3.0505
str,iterate,1000000,absl,2.6404,3.9421
str,iterate,1000000,f14-value,2.1575,3.2211
str,iterate,1000000,f14-vector,0.6254,0.9337
str,iterate,1000000,emhash8,0.6247,0.9327
str,iterate,1000000,emilib,1.7916,2.6748
str,iterate,1000000,indivi-u,1.9522,2.9146
str,iterate,1000000,indivi-w,2.0814,3.1075
str,iterate,1000000,std,64.9510,96.9707
str,iterate,1000000,boost-node,10.1791,15.1972
str,iterate,1000000,absl-node,5.6183,8.3880
str,iterate,1000000,f14-node,7.5160,11.2213
str,memory,1000000,udm,137.5555,1.0000
str,memory,1000000,udm-segmented,110.7885,0.8054
str,memory,1000000,udm-big,146.2658,1.0633
str,memory,1000000,udm-seg-big,119.0826,0.8657
str,memory,1000000,udm-pmr,137.5555,1.0000
str,memory,1000000,udm-seg-pmr,110.7885,0.8054
str,memory,1000000,udm-pmr-big,146.2658,1.0633
str,memory,1000000,udm-seg-pmr-big,119.0826,0.8657
str,memory,1000000,udm-huge,139.5035,1.0142
str,memory,1000000,udm-seg-huge,115.7007,0.8411
str,memory,1000000,udm-huge-big,148.8458,1.0821
str,memory,1000000,udm-seg-huge-big,124.5991,0.9058
str,memory,1000000,udm-4.11,142.9567,1.0393
str,memory,1000000,boost,150.0424,1.0908
str,memory,1000000,absl,140.0784,1.0183
str,memory,1000000,f14-value,140.4412,1.0210
str,memory,1000000,f14-vector,149.7815,1.0889
str,memory,1000000,emhash8,141.5907,1.0293
str,memory,1000000,emilib,138.4905,1.0068
str,memory,1000000,indivi-u,142.3075,1.0345
str,memory,1000000,indivi-w,155.7806,1.1325
str,memory,1000000,std,135.8313,0.9875
str,memory,1000000,boost-node,125.0259,0.9089
str,memory,1000000,absl-node,122.2259,0.8886
str,memory,1000000,f14-node,122.4215,0.8900
str,rss,1000000,udm,122.8427,1.0000
str,rss,1000000,udm-segmented,110.9043,0.9028
str,rss,1000000,udm-big,131.9185,1.0739
str,rss,1000000,udm-seg-big,119.2240,0.9705
str,rss,1000000,udm-pmr,123.0333,1.0016
str,rss,1000000,udm-seg-pmr,111.0064,0.9036
str,rss,1000000,udm-pmr-big,131.8702,1.0735
str,rss,1000000,udm-seg-pmr-big,119.3614,0.9717
str,rss,1000000,udm-huge,119.9820,0.9767
str,rss,1000000,udm-seg-huge,112.1501,0.9130
str,rss,1000000,udm-huge-big,128.3561,1.0449
str,rss,1000000,udm-seg-huge-big,120.4398,0.9804
str,rss,1000000,udm-4.11,128.2838,1.0443
str,rss,1000000,boost,150.2161,1.2228
str,rss,1000000,absl,140.1189,1.1406
str,rss,1000000,f14-value,140.5678,1.1443
str,rss,1000000,f14-vector,130.1337,1.0594
str,rss,1000000,emhash8,123.3061,1.0038
str,rss,1000000,emilib,138.4894,1.1274
str,rss,1000000,indivi-u,142.5618,1.1605
str,rss,1000000,indivi-w,156.0284,1.2701
str,rss,1000000,std,136.2838,1.1094
str,rss,1000000,boost-node,125.3733,1.0206
str,rss,1000000,absl-node,122.5018,0.9972
str,rss,1000000,f14-node,122.6477,0.9984
