u64,build,1000,udm,8.2381,1.0000
u64,build,1000,udm-4.11,13.5676,1.6537
u64,build,1000,boost,12.2577,1.4913
u64,build,1000,boost-own,12.2414,1.4904
u64,build,1000,absl,12.2669,1.4991
u64,build,1000,absl-own,8.5694,1.0464
u64,build,1000,f14-value,11.0219,1.3379
u64,build,1000,f14-vector,12.1918,1.4955
u64,build,1000,emhash8,10.1956,1.2412
u64,build,1000,emilib,13.3750,1.6306
u64,build,1000,indivi-u,11.8524,1.4365
u64,build,1000,indivi-w,14.4137,1.7785
u64,build,1000,verstable,11.2267,1.3605
u64,build,1000,ihtab,8.2525,0.9952
u64,build,1000,std,26.9764,3.3171
u64,build,1000,boost-node,33.8420,4.1262
u64,build,1000,absl-node,29.6785,3.6621
u64,build,1000,f14-node,29.6289,3.6360
u64,hit,1000,udm,2.8894,1.0000
u64,hit,1000,udm-4.11,4.6452,1.6044
u64,hit,1000,boost,2.5440,0.8806
u64,hit,1000,boost-own,2.5437,0.8802
u64,hit,1000,absl,2.4008,0.8291
u64,hit,1000,absl-own,2.4566,0.8400
u64,hit,1000,f14-value,2.8292,0.9769
u64,hit,1000,f14-vector,2.9394,1.0063
u64,hit,1000,emhash8,4.0859,1.4104
u64,hit,1000,emilib,3.4514,1.1954
u64,hit,1000,indivi-u,2.5808,0.8932
u64,hit,1000,indivi-w,2.0117,0.6940
u64,hit,1000,verstable,4.4138,1.5229
u64,hit,1000,ihtab,2.5925,0.8980
u64,hit,1000,std,6.0809,2.0990
u64,hit,1000,boost-node,2.8588,0.9869
u64,hit,1000,absl-node,2.4609,0.8428
u64,hit,1000,f14-node,2.8576,0.9802
u64,miss,1000,udm,2.4186,1.0000
u64,miss,1000,udm-4.11,3.7907,1.5625
u64,miss,1000,boost,2.3694,0.9809
u64,miss,1000,boost-own,2.3693,0.9796
u64,miss,1000,absl,3.8633,1.5973
u64,miss,1000,absl-own,3.7693,1.5435
u64,miss,1000,f14-value,3.4712,1.4227
u64,miss,1000,f14-vector,2.7387,1.1199
u64,miss,1000,emhash8,5.8335,2.3999
u64,miss,1000,emilib,3.2090,1.3190
u64,miss,1000,indivi-u,2.5714,1.0605
u64,miss,1000,indivi-w,2.4223,1.0035
u64,miss,1000,verstable,6.1815,2.5531
u64,miss,1000,ihtab,2.5493,1.0522
u64,miss,1000,std,9.7682,4.0066
u64,miss,1000,boost-node,2.3558,0.9746
u64,miss,1000,absl-node,3.5802,1.4713
u64,miss,1000,f14-node,3.3330,1.3759
u64,half,1000,udm,4.6667,1.0000
u64,half,1000,udm-4.11,6.3355,1.3555
u64,half,1000,boost,4.5996,0.9863
u64,half,1000,boost-own,4.6195,0.9899
u64,half,1000,absl,5.2061,1.1256
u64,half,1000,absl-own,5.3538,1.1378
u64,half,1000,f14-value,5.3602,1.1516
u64,half,1000,f14-vector,4.9545,1.0544
u64,half,1000,emhash8,7.5429,1.6176
u64,half,1000,emilib,5.2303,1.1208
u64,half,1000,indivi-u,4.6869,1.0043
u64,half,1000,indivi-w,4.3067,0.9229
u64,half,1000,verstable,7.6165,1.6285
u64,half,1000,ihtab,4.4747,0.9546
u64,half,1000,std,10.1082,2.1609
u64,half,1000,boost-node,4.5810,0.9844
u64,half,1000,absl-node,5.0716,1.0885
u64,half,1000,f14-node,5.2546,1.1260
u64,iterate,1000,udm,0.1111,1.0000
u64,iterate,1000,udm-4.11,0.1113,1.0474
u64,iterate,1000,boost,1.1317,10.1783
u64,iterate,1000,boost-own,1.1274,10.1498
u64,iterate,1000,absl,0.5788,5.2010
u64,iterate,1000,absl-own,0.6330,5.6915
u64,iterate,1000,f14-value,0.9088,8.1793
u64,iterate,1000,f14-vector,0.1941,1.7453
u64,iterate,1000,emhash8,0.1068,0.9602
u64,iterate,1000,emilib,0.5075,4.5741
u64,iterate,1000,indivi-u,0.6245,5.6298
u64,iterate,1000,indivi-w,1.1536,10.3903
u64,iterate,1000,verstable,1.4833,13.3377
u64,iterate,1000,ihtab,1.0381,9.3396
u64,iterate,1000,std,1.6144,14.6079
u64,iterate,1000,boost-node,1.1681,10.5023
u64,iterate,1000,absl-node,0.5367,4.8182
u64,iterate,1000,f14-node,0.9129,8.2156
u64,churn,1000,udm,14.2193,1.0000
u64,churn,1000,udm-4.11,22.8434,1.6133
u64,churn,1000,boost,13.6643,0.9610
u64,churn,1000,boost-own,13.5170,0.9533
u64,churn,1000,absl,28.4828,1.9968
u64,churn,1000,absl-own,28.2901,2.0031
u64,churn,1000,f14-value,21.8103,1.5175
u64,churn,1000,f14-vector,22.6378,1.5956
u64,churn,1000,emhash8,23.1502,1.6288
u64,churn,1000,emilib,16.2052,1.1396
u64,churn,1000,indivi-u,11.7367,0.8147
u64,churn,1000,indivi-w,11.3529,0.8041
u64,churn,1000,verstable,25.1469,1.7685
u64,churn,1000,ihtab,14.8892,1.0351
u64,churn,1000,std,34.8021,2.4476
u64,churn,1000,boost-node,18.9266,1.3264
u64,churn,1000,absl-node,33.6458,2.3636
u64,churn,1000,f14-node,28.7790,2.0239
u64,ie,1000,udm,10.2537,1.0000
u64,ie,1000,udm-4.11,16.2162,1.5765
u64,ie,1000,boost,12.2997,1.1970
u64,ie,1000,boost-own,12.3167,1.2010
u64,ie,1000,absl,20.3523,1.9839
u64,ie,1000,absl-own,20.5408,2.0052
u64,ie,1000,f14-value,17.1241,1.6648
u64,ie,1000,f14-vector,17.8600,1.7435
u64,ie,1000,emhash8,17.9399,1.7474
u64,ie,1000,emilib,14.4840,1.4098
u64,ie,1000,indivi-u,10.3168,1.0006
u64,ie,1000,indivi-w,8.3697,0.8157
u64,ie,1000,verstable,18.9121,1.8408
u64,ie,1000,ihtab,10.0541,0.9785
u64,ie,1000,std,26.6242,2.5979
u64,ie,1000,boost-node,15.8272,1.5466
u64,ie,1000,absl-node,22.7151,2.2153
u64,ie,1000,f14-node,21.1406,2.0582
u64,build,32000,udm,8.2367,1.0000
u64,build,32000,udm-4.11,19.1765,2.3269
u64,build,32000,boost,13.9139,1.6898
u64,build,32000,boost-own,13.7996,1.6761
u64,build,32000,absl,13.1959,1.6159
u64,build,32000,absl-own,9.1992,1.1238
u64,build,32000,f14-value,13.9524,1.7067
u64,build,32000,f14-vector,14.5557,1.7747
u64,build,32000,emhash8,23.7387,2.8821
u64,build,32000,emilib,15.6974,1.9073
u64,build,32000,indivi-u,13.3569,1.6178
u64,build,32000,indivi-w,15.4583,1.8787
u64,build,32000,verstable,25.7816,3.1358
u64,build,32000,ihtab,8.9628,1.0952
u64,build,32000,std,45.9235,5.5456
u64,build,32000,boost-node,36.9509,4.5340
u64,build,32000,absl-node,32.6359,3.9380
u64,build,32000,f14-node,34.3648,4.1501
u64,hit,32000,udm,5.6789,1.0000
u64,hit,32000,udm-4.11,8.5958,1.5159
u64,hit,32000,boost,4.5735,0.7995
u64,hit,32000,boost-own,4.5645,0.8049
u64,hit,32000,absl,4.2738,0.7470
u64,hit,32000,absl-own,4.3797,0.7712
u64,hit,32000,f14-value,5.2390,0.9254
u64,hit,32000,f14-vector,6.1598,1.0716
u64,hit,32000,emhash8,6.7953,1.2011
u64,hit,32000,emilib,6.2324,1.0975
u64,hit,32000,indivi-u,4.6510,0.8172
u64,hit,32000,indivi-w,4.0727,0.7198
u64,hit,32000,verstable,6.1326,1.0799
u64,hit,32000,ihtab,5.6275,0.9966
u64,hit,32000,std,10.7386,1.8817
u64,hit,32000,boost-node,6.5139,1.1513
u64,hit,32000,absl-node,6.0425,1.0605
u64,hit,32000,f14-node,6.5242,1.1536
u64,miss,32000,udm,3.4328,1.0000
u64,miss,32000,udm-4.11,5.3142,1.5479
u64,miss,32000,boost,2.8405,0.8288
u64,miss,32000,boost-own,2.8360,0.8293
u64,miss,32000,absl,4.8757,1.4203
u64,miss,32000,absl-own,4.8964,1.4278
u64,miss,32000,f14-value,4.9978,1.4717
u64,miss,32000,f14-vector,3.7962,1.0985
u64,miss,32000,emhash8,7.3298,2.1234
u64,miss,32000,emilib,3.8601,1.1248
u64,miss,32000,indivi-u,3.1513,0.9198
u64,miss,32000,indivi-w,2.8487,0.8298
u64,miss,32000,verstable,7.0566,2.0499
u64,miss,32000,ihtab,3.7533,1.0981
u64,miss,32000,std,14.0164,4.0359
u64,miss,32000,boost-node,2.9717,0.8673
u64,miss,32000,absl-node,4.7364,1.3857
u64,miss,32000,f14-node,4.6027,1.3407
u64,half,32000,udm,7.1831,1.0000
u64,half,32000,udm-4.11,10.1766,1.4171
u64,half,32000,boost,6.2760,0.8700
u64,half,32000,boost-own,6.3158,0.8728
u64,half,32000,absl,6.7083,0.9339
u64,half,32000,absl-own,6.8383,0.9412
u64,half,32000,f14-value,7.7027,1.0727
u64,half,32000,f14-vector,7.7386,1.0757
u64,half,32000,emhash8,10.7854,1.5116
u64,half,32000,emilib,7.8341,1.1003
u64,half,32000,indivi-u,6.3264,0.8817
u64,half,32000,indivi-w,5.9185,0.8160
u64,half,32000,verstable,9.9227,1.3790
u64,half,32000,ihtab,7.4159,1.0208
u64,half,32000,std,16.0210,2.2304
u64,half,32000,boost-node,8.0720,1.1227
u64,half,32000,absl-node,7.9410,1.1149
u64,half,32000,f14-node,8.8735,1.2236
u64,iterate,32000,udm,0.1293,1.0000
u64,iterate,32000,udm-4.11,0.1276,0.9850
u64,iterate,32000,boost,1.3246,10.1853
u64,iterate,32000,boost-own,1.3605,10.4533
u64,iterate,32000,absl,1.8519,14.3622
u64,iterate,32000,absl-own,1.6813,13.0395
u64,iterate,32000,f14-value,1.0926,8.4330
u64,iterate,32000,f14-vector,0.1923,1.4831
u64,iterate,32000,emhash8,0.1292,1.0022
u64,iterate,32000,emilib,0.6541,5.0728
u64,iterate,32000,indivi-u,0.7893,6.1106
u64,iterate,32000,indivi-w,1.1866,9.1526
u64,iterate,32000,verstable,1.4269,11.0256
u64,iterate,32000,ihtab,1.0298,7.9503
u64,iterate,32000,std,4.2013,32.5280
u64,iterate,32000,boost-node,1.7848,13.8177
u64,iterate,32000,absl-node,2.1114,16.3746
u64,iterate,32000,f14-node,1.5426,11.9574
u64,churn,32000,udm,33.9881,1.0000
u64,churn,32000,udm-4.11,50.0011,1.4711
u64,churn,32000,boost,26.2514,0.7669
u64,churn,32000,boost-own,26.2535,0.7666
u64,churn,32000,absl,40.3565,1.1887
u64,churn,32000,absl-own,40.3292,1.1868
u64,churn,32000,f14-value,42.1390,1.2444
u64,churn,32000,f14-vector,45.8098,1.3503
u64,churn,32000,emhash8,41.7244,1.2318
u64,churn,32000,emilib,31.7367,0.9302
u64,churn,32000,indivi-u,23.8924,0.6972
u64,churn,32000,indivi-w,32.0494,0.9361
u64,churn,32000,verstable,37.0563,1.0907
u64,churn,32000,ihtab,38.4434,1.1323
u64,churn,32000,std,72.3310,2.1270
u64,churn,32000,boost-node,47.0481,1.3807
u64,churn,32000,absl-node,64.5656,1.8813
u64,churn,32000,f14-node,70.0609,2.0636
u64,ie,32000,udm,26.6426,1.0000
u64,ie,32000,udm-4.11,38.3291,1.4328
u64,ie,32000,boost,24.5302,0.9175
u64,ie,32000,boost-own,24.2953,0.9109
u64,ie,32000,absl,34.0354,1.2775
u64,ie,32000,absl-own,34.2218,1.2819
u64,ie,32000,f14-value,35.3274,1.3200
u64,ie,32000,f14-vector,36.7273,1.3785
u64,ie,32000,emhash8,33.9367,1.2738
u64,ie,32000,emilib,29.0485,1.1024
u64,ie,32000,indivi-u,23.0426,0.8923
u64,ie,32000,indivi-w,25.5473,0.9704
u64,ie,32000,verstable,30.7057,1.1624
u64,ie,32000,ihtab,29.9120,1.1341
u64,ie,32000,std,56.6718,2.1379
u64,ie,32000,boost-node,39.0819,1.4574
u64,ie,32000,absl-node,46.5418,1.7524
u64,ie,32000,f14-node,50.7107,1.8969
u64,build,500000,udm,11.6771,1.0000
u64,build,500000,udm-4.11,24.0522,2.0520
u64,build,500000,boost,16.1096,1.3789
u64,build,500000,boost-own,16.0869,1.3735
u64,build,500000,absl,16.7069,1.4151
u64,build,500000,absl-own,12.6706,1.0733
u64,build,500000,f14-value,22.7541,1.9487
u64,build,500000,f14-vector,22.4145,1.9196
u64,build,500000,emhash8,30.0180,2.5707
u64,build,500000,emilib,18.9261,1.6195
u64,build,500000,indivi-u,16.1964,1.3839
u64,build,500000,indivi-w,20.4276,1.7493
u64,build,500000,verstable,30.2978,2.5848
u64,build,500000,ihtab,14.9807,1.2763
u64,build,500000,std,70.5384,6.0411
u64,build,500000,boost-node,57.0249,4.8598
u64,build,500000,absl-node,53.3171,4.5434
u64,build,500000,f14-node,59.4252,5.0882
u64,hit,500000,udm,31.2318,1.0000
u64,hit,500000,udm-4.11,45.8308,1.4661
u64,hit,500000,boost,24.6468,0.7775
u64,hit,500000,boost-own,24.4603,0.7782
u64,hit,500000,absl,22.7459,0.7270
u64,hit,500000,absl-own,22.6723,0.7199
u64,hit,500000,f14-value,27.6117,0.8841
u64,hit,500000,f14-vector,36.0284,1.1551
u64,hit,500000,emhash8,32.4759,1.0362
u64,hit,500000,emilib,32.7186,1.0409
u64,hit,500000,indivi-u,25.9031,0.8195
u64,hit,500000,indivi-w,19.7762,0.6340
u64,hit,500000,verstable,23.5732,0.7546
u64,hit,500000,ihtab,31.7789,1.0133
u64,hit,500000,std,54.1197,1.7313
u64,hit,500000,boost-node,36.4414,1.1615
u64,hit,500000,absl-node,33.5127,1.0700
u64,hit,500000,f14-node,34.1131,1.0827
u64,miss,500000,udm,18.4341,1.0000
u64,miss,500000,udm-4.11,27.3830,1.4966
u64,miss,500000,boost,12.6614,0.6882
u64,miss,500000,boost-own,12.7960,0.6974
u64,miss,500000,absl,14.1642,0.7684
u64,miss,500000,absl-own,14.4623,0.7845
u64,miss,500000,f14-value,21.5883,1.1709
u64,miss,500000,f14-vector,20.0748,1.0886
u64,miss,500000,emhash8,20.7063,1.1311
u64,miss,500000,emilib,14.6341,0.7994
u64,miss,500000,indivi-u,16.0787,0.8786
u64,miss,500000,indivi-w,11.7333,0.6392
u64,miss,500000,verstable,17.3451,0.9439
u64,miss,500000,ihtab,20.1320,1.0918
u64,miss,500000,std,63.3235,3.4650
u64,miss,500000,boost-node,15.4184,0.8364
u64,miss,500000,absl-node,17.7036,0.9604
u64,miss,500000,f14-node,22.1216,1.2012
u64,half,500000,udm,34.7075,1.0000
u64,half,500000,udm-4.11,51.5606,1.4856
u64,half,500000,boost,26.5145,0.7629
u64,half,500000,boost-own,26.5344,0.7640
u64,half,500000,absl,25.7248,0.7432
u64,half,500000,absl-own,25.0993,0.7166
u64,half,500000,f14-value,33.0720,0.9535
u64,half,500000,f14-vector,39.1569,1.1196
u64,half,500000,emhash8,36.8025,1.0604
u64,half,500000,emilib,34.0880,0.9826
u64,half,500000,indivi-u,28.5613,0.8154
u64,half,500000,indivi-w,22.0496,0.6370
u64,half,500000,verstable,27.8226,0.8043
u64,half,500000,ihtab,36.0297,1.0402
u64,half,500000,std,72.6341,2.0971
u64,half,500000,boost-node,38.6317,1.1131
u64,half,500000,absl-node,36.1001,1.0403
u64,half,500000,f14-node,39.7892,1.1440
u64,iterate,500000,udm,0.2902,1.0000
u64,iterate,500000,udm-4.11,0.2905,0.9965
u64,iterate,500000,boost,1.7885,6.1597
u64,iterate,500000,boost-own,1.8038,6.2181
u64,iterate,500000,absl,2.5906,8.8339
u64,iterate,500000,absl-own,2.5316,8.7227
u64,iterate,500000,f14-value,1.3275,4.5552
u64,iterate,500000,f14-vector,0.2921,1.0184
u64,iterate,500000,emhash8,0.2875,0.9997
u64,iterate,500000,emilib,1.0803,3.6918
u64,iterate,500000,indivi-u,1.1324,3.8884
u64,iterate,500000,indivi-w,1.4322,4.9484
u64,iterate,500000,verstable,1.6412,5.6336
u64,iterate,500000,ihtab,1.0266,3.5369
u64,iterate,500000,std,18.6649,64.4346
u64,iterate,500000,boost-node,9.0374,31.1385
u64,iterate,500000,absl-node,4.9425,16.9933
u64,iterate,500000,f14-node,6.9104,23.7644
u64,churn,500000,udm,161.4276,1.0000
u64,churn,500000,udm-4.11,202.5929,1.2557
u64,churn,500000,boost,83.9801,0.5199
u64,churn,500000,boost-own,83.9453,0.5233
u64,churn,500000,absl,102.8567,0.6408
u64,churn,500000,absl-own,102.9709,0.6388
u64,churn,500000,f14-value,163.9898,1.0159
u64,churn,500000,f14-vector,165.4110,1.0207
u64,churn,500000,emhash8,145.3955,0.9064
u64,churn,500000,emilib,113.2565,0.7022
u64,churn,500000,indivi-u,88.0891,0.5481
u64,churn,500000,indivi-w,99.7459,0.6194
u64,churn,500000,verstable,107.0205,0.6630
u64,churn,500000,ihtab,109.5540,0.6787
u64,churn,500000,std,306.1955,1.8855
u64,churn,500000,boost-node,152.8552,0.9482
u64,churn,500000,absl-node,180.3963,1.1050
u64,churn,500000,f14-node,236.4756,1.4726
u64,ie,500000,udm,123.9739,1.0000
u64,ie,500000,udm-4.11,157.1528,1.2620
u64,ie,500000,boost,86.2693,0.6979
u64,ie,500000,boost-own,86.1756,0.6949
u64,ie,500000,absl,100.1716,0.8081
u64,ie,500000,absl-own,99.8521,0.8054
u64,ie,500000,f14-value,130.5569,1.0566
u64,ie,500000,f14-vector,143.8772,1.1541
u64,ie,500000,emhash8,118.7887,0.9582
u64,ie,500000,emilib,100.9436,0.8142
u64,ie,500000,indivi-u,91.0605,0.7303
u64,ie,500000,indivi-w,76.5673,0.6126
u64,ie,500000,verstable,90.4766,0.7266
u64,ie,500000,ihtab,100.9927,0.8142
u64,ie,500000,std,239.8762,1.9404
u64,ie,500000,boost-node,145.0891,1.1667
u64,ie,500000,absl-node,157.1308,1.2719
u64,ie,500000,f14-node,186.2643,1.4988
